"","1","1","5200","66","inventonahora"
"1","2",2,4600,89,"inventonahora"
"2","3",3,5200,103,"inventonahora"
"3","4",4,4400,87,"inventonahora"
"4","5",5,5100,102,"inventonahora"
"5","6",6,6200,93,"inventonahora"
"6","7",7,4800,61,"inventonahora"
"7","8",8,4500,74,"inventonahora"
"8","9",9,3700,53,"inventonahora"
"9","10",10,3700,70,"inventonahora"
"10","11",11,6000,93,"inventonahora"
"11","12",12,5700,128,"inventonahora"
"12","13",13,4800,81,"inventonahora"
"13","14",14,3800,61,"inventonahora"
"14","15",15,3900,57,"inventonahora"
"15","16",16,9300,225,"inventonahora"
"16","17",17,7600,267,"inventonahora"
"17","18",18,6000,115,"inventonahora"
"18","19",19,5800,101,"inventonahora"
"19","20",20,5500,104,"inventonahora"
"20","21",21,5400,95,"inventonahora"
"21","22",22,5600,88,"inventonahora"
"22","23",23,5500,72,"inventonahora"
"23","24",24,6600,121,"inventonahora"
"24","25",25,8000,161,"inventonahora"
"25","26",26,6400,96,"inventonahora"
"26","27",27,6500,118,"inventonahora"
"27","28",28,5200,93,"inventonahora"
"28","29",29,5200,122,"inventonahora"
"29","30",30,5500,113,"inventonahora"
"30","31",31,5000,92,"inventonahora"
"31","32",32,5700,89,"inventonahora"
"32","33",33,5900,91,"inventonahora"
"33","34",34,5200,84,"inventonahora"
"34","35",35,4570,86,"inventonahora"
"35","36",36,7400,73,"inventonahora"
"36","37",37,6900,130,"inventonahora"
"37","38",38,5900,156,"inventonahora"
"38","39",39,5600,102,"inventonahora"
"39","40",40,6400,101,"inventonahora"
"40","41",41,9000,101,"inventonahora"
"41","42",42,6100,107,"inventonahora"
"42","43",43,5700,80,"inventonahora"
"43","44",44,6000,97,"inventonahora"
"44","45",45,6300,82,"inventonahora"
"45","46",46,7900,33,"inventonahora"
"46","47",47,10000,135,"inventonahora"
"47","48",48,7000,169,"inventonahora"
"48","49",49,8000,117,"inventonahora"
"49","50",50,7700,123,"inventonahora"
"50","51",51,7000,110,"inventonahora"
"51","52",52,6500,104,"inventonahora"
"52","53",53,21500,103,"inventonahora"
"53","54",54,31300,276,"inventonahora"
"54","55",55,10800,428,"inventonahora"
"55","56",56,11000,230,"inventonahora"
"56","57",57,9700,260,"inventonahora"
"57","58",58,9800,145,"inventonahora"
"58","59",59,11900,124,"inventonahora"
"59","60",60,22100,367,"inventonahora"
"60","61",61,27700,420,"inventonahora"
"61","62",62,30800,343,"inventonahora"
"62","63",63,37800,307,"inventonahora"
"63","64",64,49200,399,"inventonahora"
"64","65",65,44300,377,"inventonahora"
"65","66",66,45500,403,"inventonahora"
"66","67",67,46500,406,"inventonahora"
"67","68",68,27700,281,"inventonahora"
"68","69",69,19500,249,"inventonahora"
"69","70",70,20100,361,"inventonahora"
"70","71",71,18900,292,"inventonahora"
"71","72",72,14800,269,"inventonahora"
"72","73",73,14200,233,"inventonahora"
"73","74",74,15000,254,"inventonahora"
"74","75",75,15900,220,"inventonahora"
"75","76",76,16000,209,"inventonahora"
"76","77",77,20100,264,"inventonahora"
"77","78",78,21400,285,"inventonahora"
"78","79",79,17600,268,"inventonahora"
"79","80",80,18300,283,"inventonahora"
"80","81",81,18300,279,"inventonahora"
"81","82",82,17500,293,"inventonahora"
"82","83",83,16100,320,"inventonahora"
"83","84",84,13800,314,"inventonahora"
"84","85",85,12800,287,"inventonahora"
"85","86",86,12000,240,"inventonahora"
"86","87",87,11400,212,"inventonahora"
"87","88",88,14500,204,"inventonahora"
"88","89",89,14300,177,"inventonahora"
"89","90",90,10000,169,"inventonahora"
"90","91",91,11300,183,"inventonahora"
"91","92",92,12800,212,"inventonahora"
"92","93",93,11900,212,"inventonahora"
"93","94",94,10200,144,"inventonahora"
"94","95",95,10800,176,"inventonahora"
"95","96",96,9800,194,"inventonahora"
"96","97",97,9200,170,"inventonahora"
"97","98",98,11000,149,"inventonahora"
"98","99",99,10000,148,"inventonahora"
"99","100",100,17300,258,"inventonahora"
"100","101",101,15800,355,"inventonahora"
"101","102",102,14100,251,"inventonahora"
"102","103",103,13700,255,"inventonahora"
"103","104",104,17800,620,"inventonahora"
"104","105",105,12800,242,"inventonahora"
"105","106",106,14500,323,"inventonahora"
"106","107",107,13700,200,"inventonahora"
"107","108",108,12900,194,"inventonahora"
"108","109",109,12500,206,"inventonahora"
"109","110",110,10900,119,"inventonahora"
"110","111",111,10200,175,"inventonahora"
"111","112",112,10700,138,"inventonahora"
"112","113",113,9500,108,"inventonahora"
"113","114",114,9000,154,"inventonahora"
"114","115",115,13900,183,"inventonahora"
"115","116",116,12500,217,"inventonahora"
"116","117",117,10800,167,"inventonahora"
"117","118",118,8700,138,"inventonahora"
"118","119",119,8700,156,"inventonahora"
"119","120",120,8800,116,"inventonahora"
"120","121",121,9300,177,"inventonahora"
"121","122",122,16100,261,"inventonahora"
"122","123",123,20600,349,"inventonahora"
"123","124",124,12900,254,"inventonahora"
"124","125",125,11200,216,"inventonahora"
"125","126",126,21600,330,"inventonahora"
"126","127",127,15700,291,"inventonahora"
"127","128",128,13600,205,"inventonahora"
"128","129",129,17600,205,"inventonahora"
"129","130",130,26800,213,"inventonahora"
"130","131",131,21300,176,"inventonahora"
"131","132",132,11200,139,"inventonahora"
"132","133",133,12100,119,"inventonahora"
"133","134",134,11000,110,"inventonahora"
"134","135",135,10700,122,"inventonahora"
"135","136",136,13100,118,"inventonahora"
"136","137",137,30000,488,"inventonahora"
"137","138",138,27000,371,"inventonahora"
"138","139",139,23800,338,"inventonahora"
"139","140",140,22600,260,"inventonahora"
"140","141",141,20700,216,"inventonahora"
"141","142",142,19700,250,"inventonahora"
"142","143",143,16900,259,"inventonahora"
"143","144",144,18500,253,"inventonahora"
"144","145",145,17800,265,"inventonahora"
"145","146",146,18200,312,"inventonahora"
"146","147",147,20000,314,"inventonahora"
"147","148",148,21180,291,"inventonahora"
"148","149",149,21190,314,"inventonahora"
"149","150",150,23800,348,"inventonahora"
"150","151",151,35700,596,"inventonahora"
"151","152",152,26500,445,"inventonahora"
"152","153",153,26200,405,"inventonahora"
"153","154",154,28000,439,"inventonahora"
"154","155",155,24800,366,"inventonahora"
"155","156",156,20700,335,"inventonahora"
"156","157",157,21600,329,"inventonahora"
"157","158",158,24700,364,"inventonahora"
"158","159",159,20300,275,"inventonahora"
"159","160",160,19800,271,"inventonahora"
"160","161",161,23000,323,"inventonahora"
"161","162",162,22800,347,"inventonahora"
"162","163",163,22800,340,"inventonahora"
"163","164",164,24300,376,"inventonahora"
"164","165",165,27000,404,"inventonahora"
"165","166",166,19200,292,"inventonahora"
"166","167",167,15200,280,"inventonahora"
"167","168",168,19100,331,"inventonahora"
"168","169",169,17800,326,"inventonahora"
"169","170",170,17600,281,"inventonahora"
"170","171",171,17800,310,"inventonahora"
"171","172",172,21300,444,"inventonahora"
"172","173",173,20500,367,"inventonahora"
"173","174",174,17400,272,"inventonahora"
"174","175",175,17000,265,"inventonahora"
"175","176",176,18100,285,"inventonahora"
"176","177",177,18200,323,"inventonahora"
"177","178",178,28400,513,"inventonahora"
"178","179",179,29300,472,"inventonahora"
"179","180",180,25700,416,"inventonahora"
"180","181",181,19000,400,"inventonahora"
"181","182",182,22000,433,"inventonahora"
"182","183",183,25000,634,"inventonahora"
"183","184",184,22000,608,"inventonahora"
"184","185",185,21000,466,"inventonahora"
"185","186",186,25000,466,"inventonahora"
"186","187",187,28000,589,"inventonahora"
"187","188",188,35000,887,"inventonahora"
"188","189",189,65000,2652,"inventonahora"
"189","190",190,58000,1654,"inventonahora"
"190","191",191,56000,1732,"inventonahora"
"191","192",192,48000,1204,"inventonahora"
"192","193",193,45000,1165,"inventonahora"
"193","194",194,49000,1046,"inventonahora"
"194","195",195,36000,691,"inventonahora"
"195","196",196,32000,666,"inventonahora"
"196","197",197,32000,670,"inventonahora"
"197","198",198,31000,730,"inventonahora"
"198","199",199,30000,562,"inventonahora"
"199","200",200,32000,693,"inventonahora"
"200","201",201,31000,595,"inventonahora"
"201","202",202,28000,605,"inventonahora"
"202","203",203,27000,530,"inventonahora"
"203","204",204,26000,512,"inventonahora"
"204","205",205,28000,521,"inventonahora"
"205","206",206,27000,501,"inventonahora"
"206","207",207,30000,523,"inventonahora"
"207","208",208,31000,548,"inventonahora"
"208","209",209,38000,1172,"inventonahora"
"209","210",210,46000,797,"inventonahora"
"210","211",211,42000,923,"inventonahora"
"211","212",212,36000,891,"inventonahora"
"212","213",213,30000,663,"inventonahora"
"213","214",214,33000,792,"inventonahora"
"214","215",215,33000,777,"inventonahora"
"215","216",216,30000,661,"inventonahora"
"216","217",217,44000,1142,"inventonahora"
"217","218",218,37000,1013,"inventonahora"
"218","219",219,31000,816,"inventonahora"
"219","220",220,31000,657,"inventonahora"
"220","221",221,32000,832,"inventonahora"
"221","222",222,33000,794,"inventonahora"
"222","223",223,31000,646,"inventonahora"
"223","224",224,29000,664,"inventonahora"
"224","225",225,33000,669,"inventonahora"
"225","226",226,30000,651,"inventonahora"
"226","227",227,29000,507,"inventonahora"
"227","228",228,30000,503,"inventonahora"
"228","229",229,29000,505,"inventonahora"
"229","230",230,34000,570,"inventonahora"
"230","231",231,28000,501,"inventonahora"
"231","232",232,26000,435,"inventonahora"
"232","233",233,26000,446,"inventonahora"
"233","234",234,27000,426,"inventonahora"
"234","235",235,37000,542,"inventonahora"
"235","236",236,42000,587,"inventonahora"
"236","237",237,35000,960,"inventonahora"
"237","238",238,33000,710,"inventonahora"
"238","239",239,29000,547,"inventonahora"
"239","240",240,29000,522,"inventonahora"
"240","241",241,37000,502,"inventonahora"
"241","242",242,39000,536,"inventonahora"
"242","243",243,35000,506,"inventonahora"
"243","244",244,32000,478,"inventonahora"
"244","245",245,38000,580,"inventonahora"
"245","246",246,31000,485,"inventonahora"
"246","247",247,31000,484,"inventonahora"
"247","248",248,31000,457,"inventonahora"
"248","249",249,30000,447,"inventonahora"
"249","250",250,44000,732,"inventonahora"
"250","251",251,54000,1033,"inventonahora"
"251","252",252,39000,1082,"inventonahora"
"252","253",253,35000,863,"inventonahora"
"253","254",254,42000,846,"inventonahora"
"254","255",255,37000,652,"inventonahora"
"255","256",256,38000,663,"inventonahora"
"256","257",257,37000,575,"inventonahora"
"257","258",258,33000,542,"inventonahora"
"258","259",259,32000,520,"inventonahora"
"259","260",260,30000,442,"inventonahora"
"260","261",261,25000,473,"inventonahora"
"261","262",262,60000,1627,"inventonahora"
"262","263",263,134000,2462,"inventonahora"
"263","264",264,56000,1839,"inventonahora"
"264","265",265,45000,1027,"inventonahora"
"265","266",266,40000,769,"inventonahora"
"266","267",267,37000,777,"inventonahora"
"267","268",268,40000,999,"inventonahora"
"268","269",269,35000,764,"inventonahora"
"269","270",270,34000,699,"inventonahora"
"270","271",271,33000,626,"inventonahora"
"271","272",272,28000,596,"inventonahora"
"272","273",273,27000,523,"inventonahora"
"273","274",274,27000,568,"inventonahora"
"274","275",275,33000,604,"inventonahora"
"275","276",276,56000,1119,"inventonahora"
"276","277",277,42000,1135,"inventonahora"
"277","278",278,47000,1137,"inventonahora"
"278","279",279,37000,796,"inventonahora"
"279","280",280,37000,755,"inventonahora"
"280","281",281,35000,806,"inventonahora"
"281","282",282,34000,668,"inventonahora"
"282","283",283,29000,559,"inventonahora"
"283","284",284,32000,606,"inventonahora"
"284","285",285,30000,522,"inventonahora"
"285","286",286,31000,498,"inventonahora"
"286","287",287,48000,1239,"inventonahora"
"287","288",288,54000,2232,"inventonahora"
"288","289",289,37000,1333,"inventonahora"
"289","290",290,35000,830,"inventonahora"
"290","291",291,34000,753,"inventonahora"
"291","292",292,35000,756,"inventonahora"
"292","293",293,33000,624,"inventonahora"
"293","294",294,31000,549,"inventonahora"
"294","295",295,40000,600,"inventonahora"
"295","296",296,44000,1170,"inventonahora"
"296","297",297,42000,1307,"inventonahora"
"297","298",298,40000,1205,"inventonahora"
"298","299",299,40000,1291,"inventonahora"
"299","300",300,38000,1082,"inventonahora"
"300","301",301,46000,1055,"inventonahora"
"301","302",302,38000,986,"inventonahora"
"302","303",303,33000,931,"inventonahora"
"303","304",304,33000,867,"inventonahora"
"304","305",305,36000,1050,"inventonahora"
"305","306",306,39000,701,"inventonahora"
"306","307",307,32000,1396,"inventonahora"
"307","308",308,60000,2145,"inventonahora"
"308","309",309,66000,1539,"inventonahora"
"309","310",310,53000,1154,"inventonahora"
"310","311",311,46000,1026,"inventonahora"
"311","312",312,44000,1254,"inventonahora"
"312","313",313,54000,1246,"inventonahora"
"313","314",314,47000,1013,"inventonahora"
"314","315",315,41000,1246,"inventonahora"
"315","316",316,44000,1716,"inventonahora"
"316","317",317,47000,2142,"inventonahora"
"317","318",318,69000,2107,"inventonahora"
"318","319",319,63000,2136,"inventonahora"
"319","320",320,60000,1715,"inventonahora"
"320","321",321,52000,1608,"inventonahora"
"321","322",322,49000,1875,"inventonahora"
"322","323",323,57000,1443,"inventonahora"
"323","324",324,59000,1381,"inventonahora"
"324","325",325,44000,1540,"inventonahora"
"325","326",326,53000,1306,"inventonahora"
"326","327",327,52000,1171,"inventonahora"
"327","328",328,48000,1177,"inventonahora"
"328","329",329,42000,1146,"inventonahora"
"329","330",330,47000,979,"inventonahora"
"330","331",331,42000,1821,"inventonahora"
"331","332",332,63000,1753,"inventonahora"
"332","333",333,60000,1136,"inventonahora"
"333","334",334,48000,1055,"inventonahora"
"334","335",335,42000,2295,"inventonahora"
"335","336",336,62000,3395,"inventonahora"
"336","337",337,139000,2218,"inventonahora"
"337","338",338,71000,2601,"inventonahora"
"338","339",339,60000,1871,"inventonahora"
"339","340",340,57000,3707,"inventonahora"
"340","341",341,82000,2664,"inventonahora"
"341","342",342,70000,2003,"inventonahora"
"342","343",343,58000,3572,"inventonahora"
"343","344",344,95000,3431,"inventonahora"
"344","345",345,98000,2360,"inventonahora"
"345","346",346,73000,1889,"inventonahora"
"346","347",347,65000,1693,"inventonahora"
"347","348",348,58000,1530,"inventonahora"
"348","349",349,49000,4113,"inventonahora"
"349","350",350,90000,5329,"inventonahora"
"350","351",351,158000,3474,"inventonahora"
"351","352",352,96000,4280,"inventonahora"
"352","353",353,105000,5748,"inventonahora"
"353","354",354,118000,5694,"inventonahora"
"354","355",355,126000,4703,"inventonahora"
"355","356",356,134000,4426,"inventonahora"
"356","357",357,103000,4947,"inventonahora"
"357","358",358,119000,5434,"inventonahora"
"358","359",359,129000,4397,"inventonahora"
"359","360",360,91000,3017,"inventonahora"
"360","361",361,80000,4298,"inventonahora"
"361","362",362,133000,4092,"inventonahora"
"362","363",363,129000,3819,"inventonahora"
"363","364",364,98000,3705,"inventonahora"
"364","365",365,93000,3396,"inventonahora"
"365","366",366,95000,3718,"inventonahora"
"366","367",367,109000,3873,"inventonahora"
"367","368",368,89000,2853,"inventonahora"
"368","369",369,89000,3423,"inventonahora"
"369","370",370,108000,3228,"inventonahora"
"370","371",371,70000,2609,"inventonahora"
"371","372",372,60000,2968,"inventonahora"
"372","373",373,60000,3293,"inventonahora"
"373","374",374,55000,2891,"inventonahora"
"374","375",375,65000,3816,"inventonahora"
"375","376",376,94000,3573,"inventonahora"
"376","377",377,73000,2994,"inventonahora"
"377","378",378,56000,2573,"inventonahora"
"378","379",379,48000,4089,"inventonahora"
"379","380",380,84000,7550,"inventonahora"
"380","381",381,252000,4690,"inventonahora"
"381","382",382,174000,4830,"inventonahora"
"382","383",383,147000,3773,"inventonahora"
"383","384",384,145000,2759,"inventonahora"
"384","385",385,124000,3272,"inventonahora"
"385","386",386,100000,3508,"inventonahora"
"386","387",387,77000,2506,"inventonahora"
"387","388",388,94000,2658,"inventonahora"
"388","389",389,99000,2060,"inventonahora"
"389","390",390,82000,2023,"inventonahora"
"390","391",391,73000,1994,"inventonahora"
"391","392",392,66000,2036,"inventonahora"
"392","393",393,83000,2826,"inventonahora"
"393","394",394,125000,2068,"inventonahora"
"394","395",395,85000,1496,"inventonahora"
"395","396",396,75000,1437,"inventonahora"
"396","397",397,74000,1375,"inventonahora"
"397","398",398,72000,1895,"inventonahora"
"398","399",399,81000,2840,"inventonahora"
"399","400",400,158000,1917,"inventonahora"
"400","401",401,95000,1463,"inventonahora"
"401","402",402,79000,1309,"inventonahora"
"402","403",403,72000,1506,"inventonahora"
"403","404",404,78000,1357,"inventonahora"
"404","405",405,82000,1635,"inventonahora"
"405","406",406,95000,2336,"inventonahora"
"406","407",407,144000,1472,"inventonahora"
"407","408",408,78000,1416,"inventonahora"
"408","409",409,69000,3167,"inventonahora"
"409","410",410,67000,2096,"inventonahora"
"410","411",411,69000,1564,"inventonahora"
"411","412",412,71000,2732,"inventonahora"
"412","413",413,88000,3719,"inventonahora"
"413","414",414,97000,2376,"inventonahora"
"414","415",415,76000,2256,"inventonahora"
"415","416",416,80000,1572,"inventonahora"
"416","417",417,75000,1594,"inventonahora"
"417","418",418,77000,1683,"inventonahora"
"418","419",419,80000,2324,"inventonahora"
"419","420",420,96000,4274,"inventonahora"
"420","421",421,183000,2907,"inventonahora"
"421","422",422,113000,2625,"inventonahora"
"422","423",423,111000,2128,"inventonahora"
"423","424",424,115000,2250,"inventonahora"
"424","425",425,101000,2579,"inventonahora"
"425","426",426,119000,3816,"inventonahora"
"426","427",427,146000,3597,"inventonahora"
"427","428",428,124000,3757,"inventonahora"
"428","429",429,114000,2946,"inventonahora"
"429","430",430,105000,3218,"inventonahora"
"430","431",431,145000,3477,"inventonahora"
"431","432",432,174000,2398,"inventonahora"
"432","433",433,125000,1880,"inventonahora"
"433","434",434,93000,2040,"inventonahora"
"434","435",435,98000,4761,"inventonahora"
"435","436",436,102000,3179,"inventonahora"
"436","437",437,100000,3391,"inventonahora"
"437","438",438,108000,4633,"inventonahora"
"438","439",439,137000,6141,"inventonahora"
"439","440",440,162000,4922,"inventonahora"
"440","441",441,142000,3786,"inventonahora"
"441","442",442,135000,3404,"inventonahora"
"442","443",443,130000,4773,"inventonahora"
"443","444",444,177000,4249,"inventonahora"
"444","445",445,171000,3347,"inventonahora"
"445","446",446,141000,2739,"inventonahora"
"446","447",447,114000,2578,"inventonahora"
"447","448",448,99000,2510,"inventonahora"
"448","449",449,94000,3031,"inventonahora"
"449","450",450,100000,4399,"inventonahora"
"450","451",451,104000,3556,"inventonahora"
"451","452",452,104000,5669,"inventonahora"
"452","453",453,137000,4733,"inventonahora"
"453","454",454,128000,3661,"inventonahora"
"454","455",455,99000,2700,"inventonahora"
"455","456",456,92000,3053,"inventonahora"
"456","457",457,89000,2794,"inventonahora"
"457","458",458,82000,3931,"inventonahora"
"458","459",459,117000,6104,"inventonahora"
"459","460",460,147000,4306,"inventonahora"
"460","461",461,138000,4470,"inventonahora"
"461","462",462,112000,3418,"inventonahora"
"462","463",463,106000,2706,"inventonahora"
"463","464",464,94000,3368,"inventonahora"
"464","465",465,115000,3258,"inventonahora"
"465","466",466,112000,4796,"inventonahora"
"466","467",467,205000,5984,"inventonahora"
"467","468",468,373000,3669,"inventonahora"
"468","469",469,156000,2687,"inventonahora"
"469","470",470,114000,2660,"inventonahora"
"470","471",471,112000,3149,"inventonahora"
"471","472",472,119000,2426,"inventonahora"
"472","473",473,104000,2274,"inventonahora"
"473","474",474,100000,2449,"inventonahora"
"474","475",475,108000,3612,"inventonahora"
"475","476",476,147000,4564,"inventonahora"
"476","477",477,189000,4831,"inventonahora"
"477","478",478,154000,3819,"inventonahora"
"478","479",479,131000,2784,"inventonahora"
"479","480",480,108000,2545,"inventonahora"
"480","481",481,108000,2496,"inventonahora"
"481","482",482,110000,3556,"inventonahora"
"482","483",483,122000,3380,"inventonahora"
"483","484",484,131000,4123,"inventonahora"
"484","485",485,176000,4169,"inventonahora"
"485","486",486,188000,2773,"inventonahora"
"486","487",487,115000,3666,"inventonahora"
"487","488",488,139000,3646,"inventonahora"
"488","489",489,141000,3283,"inventonahora"
"489","490",490,117000,5982,"inventonahora"
"490","491",491,248000,8268,"inventonahora"
"491","492",492,340000,7696,"inventonahora"
"492","493",493,342000,6315,"inventonahora"
"493","494",494,219000,5649,"inventonahora"
"494","495",495,210000,4371,"inventonahora"
"495","496",496,185000,5227,"inventonahora"
"496","497",497,230000,5091,"inventonahora"
"497","498",498,275000,4820,"inventonahora"
"498","499",499,219000,4553,"inventonahora"
"499","500",500,198000,5202,"inventonahora"
"500","501",501,199000,5744,"inventonahora"
"501","502",502,223000,4481,"inventonahora"
"502","503",503,192000,3785,"inventonahora"
"503","504",504,167000,5294,"inventonahora"
"504","505",505,241000,6411,"inventonahora"
"505","506",506,314000,5986,"inventonahora"
"506","507",507,250000,5250,"inventonahora"
"507","508",508,240000,4326,"inventonahora"
"508","509",509,187000,3553,"inventonahora"
"509","510",510,167000,4661,"inventonahora"
"510","511",511,241000,6020,"inventonahora"
"511","512",512,321000,4593,"inventonahora"
"512","513",513,196000,4144,"inventonahora"
"513","514",514,186000,4008,"inventonahora"
"514","515",515,184000,3057,"inventonahora"
"515","516",516,156000,2995,"inventonahora"
"516","517",517,149000,2270,"inventonahora"
"517","518",518,122000,3833,"inventonahora"
"518","519",519,195000,4018,"inventonahora"
"519","520",520,213000,2697,"inventonahora"
"520","521",521,153000,5286,"inventonahora"
"521","522",522,162000,4949,"inventonahora"
"522","523",523,153000,3057,"inventonahora"
"523","524",524,156000,2995,"inventonahora"
"524","525",525,149000,2270,"inventonahora"
"525","526",526,122000,3833,"inventonahora"
"526","527",527,195000,4018,"inventonahora"
"527","528",528,213000,2697,"inventonahora"
"528","529",529,153000,5286,"inventonahora"
"529","530",530,162000,4949,"inventonahora"
"530","531",531,153000,3458,"inventonahora"
"531","532",532,133000,5120,"inventonahora"
"532","533",533,124000,5678,"inventonahora"
"533","534",534,146000,6574,"inventonahora"
"534","535",535,431000,4868,"inventonahora"
"535","536",536,232000,5752,"inventonahora"
"536","537",537,194000,4409,"inventonahora"
"537","538",538,172000,3667,"inventonahora"
"538","539",539,159000,4186,"inventonahora"
"539","540",540,189000,5491,"inventonahora"
"540","541",541,322000,3551,"inventonahora"
"541","542",542,202000,3181,"inventonahora"
"542","543",543,156000,2972,"inventonahora"
"543","544",544,144000,2752,"inventonahora"
"544","545",545,142000,4006,"inventonahora"
"545","546",546,236000,4499,"inventonahora"
"546","547",547,321000,3569,"inventonahora"
"547","548",548,211000,2429,"inventonahora"
"548","549",549,151000,3258,"inventonahora"
"549","550",550,167000,3378,"inventonahora"
"550","551",551,163000,3278,"inventonahora"
"551","552",552,172000,2629,"inventonahora"
"552","553",553,149000,2381,"inventonahora"
"553","554",554,123000,2138,"inventonahora"
"554","555",555,115000,1971,"inventonahora"
"555","556",556,109000,2672,"inventonahora"
"556","557",557,176000,3272,"inventonahora"
"557","558",558,225000,3726,"inventonahora"
"558","559",559,196000,4883,"inventonahora"
"559","560",560,204000,3994,"inventonahora"
"560","561",561,160000,3540,"inventonahora"
"561","562",562,147000,2138,"inventonahora"
"562","563",563,115000,1971,"inventonahora"
"563","564",564,109000,2672,"inventonahora"
"564","565",565,176000,3272,"inventonahora"
"565","566",566,225000,3726,"inventonahora"
"566","567",567,196000,4883,"inventonahora"
"567","568",568,204000,3994,"inventonahora"
"568","569",569,160000,3540,"inventonahora"
"569","570",570,147000,2435,"inventonahora"
"570","571",571,117000,3184,"inventonahora"
"571","572",572,197000,4077,"inventonahora"
"572","573",573,246000,4821,"inventonahora"
"573","574",574,247000,4746,"inventonahora"
"574","575",575,188000,3931,"inventonahora"
"575","576",576,233000,3513,"inventonahora"
"576","577",577,215000,3581,"inventonahora"
"577","578",578,209000,3789,"inventonahora"
"578","579",579,238000,3226,"inventonahora"
"579","580",580,180000,2952,"inventonahora"
"580","581",581,148000,2280,"inventonahora"
"581","582",582,138000,2702,"inventonahora"
"582","583",583,218000,3802,"inventonahora"
"583","584",584,259000,3780,"inventonahora"
"584","585",585,219000,2465,"inventonahora"
"585","586",586,153000,2251,"inventonahora"
"586","587",587,128000,2193,"inventonahora"
"587","588",588,126000,2251,"inventonahora"
"588","589",589,125000,1956,"inventonahora"
"589","590",590,111000,1938,"inventonahora"
"590","591",591,116000,1665,"inventonahora"
"591","592",592,102000,1799,"inventonahora"
"592","593",593,102000,1881,"inventonahora"
"593","594",594,101000,1831,"inventonahora"
"594","595",595,107000,2049,"inventonahora"
"595","596",596,111000,2489,"inventonahora"
"596","597",597,196000,2955,"inventonahora"
"597","598",598,197000,2679,"inventonahora"
"598","599",599,161000,2378,"inventonahora"
"599","600",600,127000,2431,"inventonahora"
"600","601",601,119000,1881,"inventonahora"
"601","602",602,101000,1831,"inventonahora"
"602","603",603,107000,2049,"inventonahora"
"603","604",604,111000,2489,"inventonahora"
"604","605",605,196000,2955,"inventonahora"
"605","606",606,197000,2679,"inventonahora"
"606","607",607,161000,2378,"inventonahora"
"607","608",608,127000,2431,"inventonahora"
"608","609",609,119000,2437,"inventonahora"
"609","610",610,125000,2107,"inventonahora"
"610","611",611,121000,2738,"inventonahora"
"611","612",612,171000,3026,"inventonahora"
"612","613",613,239000,3309,"inventonahora"
"613","614",614,173000,3378,"inventonahora"
"614","615",615,145000,2801,"inventonahora"
"615","616",616,141000,2977,"inventonahora"
"616","617",617,129000,2321,"inventonahora"
"617","618",618,123000,2343,"inventonahora"
"618","619",619,108000,2179,"inventonahora"
"619","620",620,106000,2136,"inventonahora"
"620","621",621,101000,1994,"inventonahora"
"621","622",622,102000,1802,"inventonahora"
"622","623",623,100000,1917,"inventonahora"
"623","624",624,105000,1960,"inventonahora"
"624","625",625,98000,1882,"inventonahora"
"625","626",626,95000,1682,"inventonahora"
"626","627",627,89000,1799,"inventonahora"
"627","628",628,88000,2353,"inventonahora"
"628","629",629,149000,2396,"inventonahora"
"629","630",630,197000,3270,"inventonahora"
"630","631",631,158000,2336,"inventonahora"
"631","632",632,123000,2193,"inventonahora"
"632","633",633,104000,2697,"inventonahora"
"633","634",634,120000,2773,"inventonahora"
"634","635",635,122000,2892,"inventonahora"
"635","636",636,128000,2440,"inventonahora"
"636","637",637,114000,2441,"inventonahora"
"637","638",638,126000,2192,"inventonahora"
"638","639",639,112000,3917,"inventonahora"
"639","640",640,112000,4462,"inventonahora"
"640","641",641,180000,4978,"inventonahora"
"641","642",642,266000,4463,"inventonahora"
"642","643",643,244000,3502,"inventonahora"
"643","644",644,261000,3629,"inventonahora"
"644","645",645,200000,3789,"inventonahora"
"645","646",646,189000,4469,"inventonahora"
"646","647",647,200000,3502,"inventonahora"
"647","648",648,215000,3351,"inventonahora"
"648","649",649,166000,3047,"inventonahora"
"649","650",650,155000,2719,"inventonahora"
"650","651",651,146000,2592,"inventonahora"
"651","652",652,133000,2437,"inventonahora"
"652","653",653,132000,3253,"inventonahora"
"653","654",654,132000,3830,"inventonahora"
"654","655",655,238000,4181,"inventonahora"
"655","656",656,305000,3213,"inventonahora"
"656","657",657,230000,3054,"inventonahora"
"657","658",658,161000,3691,"inventonahora"
"658","659",659,149000,3453,"inventonahora"
"659","660",660,162000,3681,"inventonahora"
"660","661",661,165000,5981,"inventonahora"
"661","662",662,191000,5550,"inventonahora"
"662","663",663,359000,3682,"inventonahora"
"663","664",664,228000,2738,"inventonahora"
"664","665",665,156000,2756,"inventonahora"
"665","666",666,137000,2643,"inventonahora"
"666","667",667,143000,2907,"inventonahora"
"667","668",668,128000,3507,"inventonahora"
"668","669",669,124000,3753,"inventonahora"
"669","670",670,135000,3360,"inventonahora"
"670","671",671,142000,3099,"inventonahora"
"671","672",672,139000,3024,"inventonahora"
"672","673",673,136000,3071,"inventonahora"
"673","674",674,141000,3840,"inventonahora"
"674","675",675,142000,6976,"inventonahora"
"675","676",676,241000,4301,"inventonahora"
"676","677",677,476000,3210,"inventonahora"
"677","678",678,216000,3247,"inventonahora"
"678","679",679,166000,3548,"inventonahora"
"679","680",680,155000,4078,"inventonahora"
"680","681",681,164000,3679,"inventonahora"
"681","682",682,162000,3420,"inventonahora"
"682","683",683,148000,3181,"inventonahora"
"683","684",684,150000,3205,"inventonahora"
"684","685",685,144000,2972,"inventonahora"
"685","686",686,137000,2799,"inventonahora"
"686","687",687,136000,2527,"inventonahora"
"687","688",688,122000,2594,"inventonahora"
"688","689",689,115000,3016,"inventonahora"
"689","690",690,134000,3985,"inventonahora"
"690","691",691,145000,3585,"inventonahora"
"691","692",692,142000,3223,"inventonahora"
"692","693",693,135000,3199,"inventonahora"
"693","694",694,138000,3020,"inventonahora"
"694","695",695,126000,2915,"inventonahora"
"695","696",696,122000,3587,"inventonahora"
"696","697",697,139000,3342,"inventonahora"
"697","698",698,134000,4253,"inventonahora"
"698","699",699,248000,6037,"inventonahora"
"699","700",700,329000,4449,"inventonahora"
"700","701",701,210000,3771,"inventonahora"
"701","702",702,157000,3443,"inventonahora"
"702","703",703,150000,3871,"inventonahora"
"703","704",704,161000,4870,"inventonahora"
"704","705",705,313000,4341,"inventonahora"
"705","706",706,330000,3820,"inventonahora"
"706","707",707,211000,3839,"inventonahora"
"707","708",708,191000,3816,"inventonahora"
"708","709",709,174000,4391,"inventonahora"
"709","710",710,183000,5674,"inventonahora"
"710","711",711,351000,5772,"inventonahora"
"711","712",712,368000,3006,"inventonahora"
"712","713",713,182000,3129,"inventonahora"
"713","714",714,170000,3730,"inventonahora"
"714","715",715,195000,3796,"inventonahora"
"715","716",716,189000,3799,"inventonahora"
"716","717",717,183000,4960,"inventonahora"
"717","718",718,369000,7048,"inventonahora"
"718","719",719,564000,5184,"inventonahora"
"719","720",720,276000,4763,"inventonahora"
"720","721",721,240000,4157,"inventonahora"
"721","722",722,202000,3681,"inventonahora"
"722","723",723,178000,4198,"inventonahora"
"723","724",724,182000,5045,"inventonahora"
"724","725",725,210000,4422,"inventonahora"
"725","726",726,203000,2870,"inventonahora"
"726","727",727,357000,5509,"inventonahora"
"727","728",728,430000,5121,"inventonahora"
"728","729",729,258000,4003,"inventonahora"
"729","730",730,197000,5762,"inventonahora"
"730","731",731,190000,6750,"inventonahora"
"731","732",732,247000,6682,"inventonahora"
"732","733",733,416000,7982,"inventonahora"
"733","734",734,548000,6334,"inventonahora"
"734","735",735,315000,4769,"inventonahora"
"735","736",736,226000,4810,"inventonahora"
"736","737",737,201000,5066,"inventonahora"
"737","738",738,202000,5304,"inventonahora"
"738","739",739,228000,5664,"inventonahora"
"739","740",740,229000,5241,"inventonahora"
"740","741",741,211000,4911,"inventonahora"
"741","742",742,207000,4682,"inventonahora"
"742","743",743,198000,3838,"inventonahora"
"743","744",744,171000,4215,"inventonahora"
"744","745",745,162000,4682,"inventonahora"
"745","746",746,183000,5251,"inventonahora"
"746","747",747,403000,6295,"inventonahora"
"747","748",748,448000,4489,"inventonahora"
"748","749",749,221000,4271,"inventonahora"
"749","750",750,202000,4107,"inventonahora"
"750","751",751,187000,4009,"inventonahora"
"751","752",752,175000,4103,"inventonahora"
"752","753",753,169000,4220,"inventonahora"
"753","754",754,171000,10142,"inventonahora"
"754","755",755,697000,5387,"inventonahora"
"755","756",756,296000,5124,"inventonahora"
"756","757",757,214000,4782,"inventonahora"
"757","758",758,184000,4231,"inventonahora"
"758","759",759,164000,4618,"inventonahora"
"759","760",760,173000,5401,"inventonahora"
"760","761",761,187000,6613,"inventonahora"
"761","762",762,207000,5589,"inventonahora"
"762","763",763,183000,6690,"inventonahora"
"763","764",764,209000,6461,"inventonahora"
"764","765",765,204000,4867,"inventonahora"
"765","766",766,162000,14611,"inventonahora"
"766","767",767,592000,6684,"inventonahora"
"767","768",768,331000,6020,"inventonahora"
"768","769",769,493000,6420,"inventonahora"
"769","770",770,506000,4594,"inventonahora"
"770","771",771,236000,4754,"inventonahora"
"771","772",772,209000,4260,"inventonahora"
"772","773",773,182000,4901,"inventonahora"
"773","774",774,183000,5100,"inventonahora"
"774","775",775,179000,4987,"inventonahora"
"775","776",776,182000,4599,"inventonahora"
"776","777",777,167000,4516,"inventonahora"
"777","778",778,174000,4884,"inventonahora"
"778","779",779,188000,4591,"inventonahora"
"779","780",780,166000,4317,"inventonahora"
"780","781",781,157000,4070,"inventonahora"
"781","782",782,152000,3375,"inventonahora"
"782","783",783,137000,3996,"inventonahora"
"783","784",784,273000,5502,"inventonahora"
"784","785",785,434000,5050,"inventonahora"
"785","786",786,262000,4574,"inventonahora"
"786","787",787,190000,3701,"inventonahora"
"787","788",788,158000,3696,"inventonahora"
"788","789",789,150000,3585,"inventonahora"
"789","790",790,145000,3671,"inventonahora"
"790","791",791,143000,4866,"inventonahora"
"791","792",792,164000,5166,"inventonahora"
"792","793",793,178000,4952,"inventonahora"
"793","794",794,163000,4645,"inventonahora"
"794","795",795,154000,4816,"inventonahora"
"795","796",796,150000,4439,"inventonahora"
"796","797",797,144000,4132,"inventonahora"
"797","798",798,140000,5214,"inventonahora"
"798","799",799,398000,9328,"inventonahora"
"799","800",800,579000,7457,"inventonahora"
"800","801",801,303000,5536,"inventonahora"
"801","802",802,231000,4523,"inventonahora"
"802","803",803,178000,4237,"inventonahora"
"803","804",804,175000,4789,"inventonahora"
"804","805",805,190000,4321,"inventonahora"
"805","806",806,172000,4275,"inventonahora"
"806","807",807,166000,4634,"inventonahora"
"807","808",808,157000,4455,"inventonahora"
"808","809",809,157000,4518,"inventonahora"
"809","810",810,145000,4248,"inventonahora"
"810","811",811,133000,3830,"inventonahora"
"811","812",812,135000,3979,"inventonahora"
"812","813",813,142000,4311,"inventonahora"
"813","814",814,154000,4217,"inventonahora"
"814","815",815,145000,4170,"inventonahora"
"815","816",816,131000,3933,"inventonahora"
"816","817",817,128000,3896,"inventonahora"
"817","818",818,131000,3934,"inventonahora"
"818","819",819,131000,3738,"inventonahora"
"819","820",820,130000,3969,"inventonahora"
"820","821",821,141000,4226,"inventonahora"
"821","822",822,142000,4904,"inventonahora"
"822","823",823,166000,4513,"inventonahora"
"823","824",824,146000,4182,"inventonahora"
"824","825",825,132000,3696,"inventonahora"
"825","826",826,118000,3716,"inventonahora"
"826","827",827,123000,3760,"inventonahora"
"827","828",828,126000,3562,"inventonahora"
"828","829",829,121000,4013,"inventonahora"
"829","830",830,120000,3792,"inventonahora"
"830","831",831,120000,3534,"inventonahora"
"831","832",832,114000,3873,"inventonahora"
"832","833",833,125000,3880,"inventonahora"
"833","834",834,131000,3605,"inventonahora"
"834","835",835,128000,4050,"inventonahora"
"835","836",836,123000,4010,"inventonahora"
"836","837",837,119000,3805,"inventonahora"
"837","838",838,118000,3451,"inventonahora"
"838","839",839,107000,4389,"inventonahora"
"839","840",840,115000,4342,"inventonahora"
"840","841",841,119000,3993,"inventonahora"
"841","842",842,126000,3592,"inventonahora"
"842","843",843,116000,3511,"inventonahora"
"843","844",844,117000,3685,"inventonahora"
"844","845",845,111000,3260,"inventonahora"
"845","846",846,98000,3308,"inventonahora"
"846","847",847,102000,3438,"inventonahora"
"847","848",848,112000,3685,"inventonahora"
"848","849",849,116000,4182,"inventonahora"
"849","850",850,115000,3785,"inventonahora"
"850","1545",1,5674,315,"vocesabia"
"851","1546",2,3255,331,"vocesabia"
"852","1547",3,613,42,"vocesabia"
"853","1548",4,580,21,"vocesabia"
"854","1549",5,379,7,"vocesabia"
"855","1550",6,303,6,"vocesabia"
"856","1551",7,256,16,"vocesabia"
"857","1552",8,273,5,"vocesabia"
"858","1553",9,648,12,"vocesabia"
"859","1554",10,265,4,"vocesabia"
"860","1555",11,89,4,"vocesabia"
"861","1556",12,280,2,"vocesabia"
"862","1557",13,176,5,"vocesabia"
"863","1558",14,92,1,"vocesabia"
"864","1559",15,2947,85,"vocesabia"
"865","1560",16,1563,55,"vocesabia"
"866","1561",17,1824,80,"vocesabia"
"867","1562",18,24095,526,"vocesabia"
"868","1563",19,124583,1158,"vocesabia"
"869","1564",20,57396,503,"vocesabia"
"870","1565",21,22833,231,"vocesabia"
"871","1566",22,32662,333,"vocesabia"
"872","1567",23,34192,249,"vocesabia"
"873","1568",24,22694,217,"vocesabia"
"874","1569",25,10182,175,"vocesabia"
"875","1570",26,5945,82,"vocesabia"
"876","1571",27,16213,402,"vocesabia"
"877","1572",28,16533,436,"vocesabia"
"878","1573",29,15608,437,"vocesabia"
"879","1574",30,16105,402,"vocesabia"
"880","1575",31,5415,110,"vocesabia"
"881","1576",32,2739,65,"vocesabia"
"882","1577",33,4519,76,"vocesabia"
"883","1578",34,3505,56,"vocesabia"
"884","1579",35,1230,33,"vocesabia"
"885","1580",36,7240,286,"vocesabia"
"886","1581",37,7751,252,"vocesabia"
"887","1582",38,4255,90,"vocesabia"
"888","1583",39,6211,161,"vocesabia"
"889","1584",40,3840,146,"vocesabia"
"890","1585",41,5519,149,"vocesabia"
"891","1586",42,2649,94,"vocesabia"
"892","1587",43,5605,109,"vocesabia"
"893","1588",44,4401,121,"vocesabia"
"894","1589",45,5410,157,"vocesabia"
"895","1590",46,7084,385,"vocesabia"
"896","1591",47,18894,871,"vocesabia"
"897","1592",48,10585,572,"vocesabia"
"898","1593",49,6974,395,"vocesabia"
"899","1594",50,21345,979,"vocesabia"
"900","1595",51,15890,666,"vocesabia"
"901","1596",52,14401,596,"vocesabia"
"902","1597",53,16990,598,"vocesabia"
"903","1598",54,15572,608,"vocesabia"
"904","1599",55,7969,252,"vocesabia"
"905","1600",56,6343,318,"vocesabia"
"906","1601",57,11840,440,"vocesabia"
"907","1602",58,8921,418,"vocesabia"
"908","1603",59,5671,340,"vocesabia"
"909","1604",60,20006,1134,"vocesabia"
"910","1605",61,17687,914,"vocesabia"
"911","1606",62,12080,646,"vocesabia"
"912","1607",63,8241,500,"vocesabia"
"913","1608",64,13086,521,"vocesabia"
"914","1609",65,9730,366,"vocesabia"
"915","1610",66,7254,296,"vocesabia"
"916","1611",67,18051,766,"vocesabia"
"917","1612",68,18275,805,"vocesabia"
"918","1613",69,9263,496,"vocesabia"
"919","1614",70,9178,336,"vocesabia"
"920","1615",71,9627,289,"vocesabia"
"921","1616",72,5702,247,"vocesabia"
"922","1617",73,5997,320,"vocesabia"
"923","1618",74,30317,1107,"vocesabia"
"924","1619",75,39979,1340,"vocesabia"
"925","1620",76,19028,842,"vocesabia"
"926","1621",77,25355,999,"vocesabia"
"927","1622",78,33807,1281,"vocesabia"
"928","1623",79,10349,530,"vocesabia"
"929","1624",80,13584,597,"vocesabia"
"930","1625",81,19689,536,"vocesabia"
"931","1626",82,18232,592,"vocesabia"
"932","1627",83,15650,479,"vocesabia"
"933","1628",84,11421,428,"vocesabia"
"934","1629",85,12323,418,"vocesabia"
"935","1630",86,12333,405,"vocesabia"
"936","1631",87,7958,332,"vocesabia"
"937","1632",88,22233,740,"vocesabia"
"938","1633",89,13949,525,"vocesabia"
"939","1634",90,16018,545,"vocesabia"
"940","1635",91,13095,560,"vocesabia"
"941","1636",92,11431,511,"vocesabia"
"942","1637",93,8021,432,"vocesabia"
"943","1638",94,8061,442,"vocesabia"
"944","1639",95,18200,501,"vocesabia"
"945","1640",96,11068,387,"vocesabia"
"946","1641",97,7206,323,"vocesabia"
"947","1642",98,7415,331,"vocesabia"
"948","1643",99,9705,497,"vocesabia"
"949","1644",100,7652,330,"vocesabia"
"950","1645",101,7646,339,"vocesabia"
"951","1646",102,15236,667,"vocesabia"
"952","1647",103,16344,765,"vocesabia"
"953","1648",104,17562,838,"vocesabia"
"954","1649",105,13192,607,"vocesabia"
"955","1650",106,16870,905,"vocesabia"
"956","1651",107,11726,530,"vocesabia"
"957","1652",108,8827,399,"vocesabia"
"958","1653",109,16934,640,"vocesabia"
"959","1654",110,17017,584,"vocesabia"
"960","1655",111,12037,461,"vocesabia"
"961","1656",112,11475,461,"vocesabia"
"962","1657",113,11541,625,"vocesabia"
"963","1658",114,8925,453,"vocesabia"
"964","1659",115,7571,371,"vocesabia"
"965","1660",116,20289,657,"vocesabia"
"966","1661",117,27206,802,"vocesabia"
"967","1662",118,9863,387,"vocesabia"
"968","1663",119,7710,316,"vocesabia"
"969","1664",120,6995,259,"vocesabia"
"970","1665",121,8674,397,"vocesabia"
"971","1666",122,7844,380,"vocesabia"
"972","1667",123,16327,537,"vocesabia"
"973","1668",124,13336,454,"vocesabia"
"974","1669",125,8816,365,"vocesabia"
"975","1670",126,8281,365,"vocesabia"
"976","1671",127,9763,577,"vocesabia"
"977","1672",128,12339,655,"vocesabia"
"978","1673",129,10573,530,"vocesabia"
"979","1674",130,22115,1185,"vocesabia"
"980","1675",131,25400,2020,"vocesabia"
"981","1676",132,26712,1637,"vocesabia"
"982","1677",133,22067,1270,"vocesabia"
"983","1678",134,43707,1882,"vocesabia"
"984","1679",135,32438,1581,"vocesabia"
"985","1680",136,29538,1430,"vocesabia"
"986","1681",137,40737,1642,"vocesabia"
"987","1682",138,26456,1243,"vocesabia"
"988","1683",139,18232,987,"vocesabia"
"989","1684",140,17291,948,"vocesabia"
"990","1685",141,20996,1249,"vocesabia"
"991","1686",142,18267,823,"vocesabia"
"992","1687",143,14573,777,"vocesabia"
"993","1688",144,22857,857,"vocesabia"
"994","1689",145,25556,1050,"vocesabia"
"995","1690",146,24080,921,"vocesabia"
"996","1691",147,23922,1084,"vocesabia"
"997","1692",148,21894,985,"vocesabia"
"998","1693",149,21560,909,"vocesabia"
"999","1694",150,23643,893,"vocesabia"
"1000","1695",151,36535,975,"vocesabia"
"1001","1696",152,23043,952,"vocesabia"
"1002","1697",153,15590,732,"vocesabia"
"1003","1698",154,19590,942,"vocesabia"
"1004","1699",155,17473,741,"vocesabia"
"1005","1700",156,13217,630,"vocesabia"
"1006","1701",157,13420,726,"vocesabia"
"1007","1702",158,13720,796,"vocesabia"
"1008","1703",159,29784,766,"vocesabia"
"1009","1704",160,20121,730,"vocesabia"
"1010","1705",161,19086,550,"vocesabia"
"1011","1706",162,14507,714,"vocesabia"
"1012","1707",163,15188,392,"vocesabia"
"1013","1708",164,11077,520,"vocesabia"
"1014","1709",165,11477,642,"vocesabia"
"1015","1710",166,28169,676,"vocesabia"
"1016","1711",167,18358,827,"vocesabia"
"1017","1712",168,17605,953,"vocesabia"
"1018","1713",169,17911,708,"vocesabia"
"1019","1714",170,14210,675,"vocesabia"
"1020","1715",171,13716,732,"vocesabia"
"1021","1716",172,13816,678,"vocesabia"
"1022","1717",173,23400,559,"vocesabia"
"1023","1718",174,17379,584,"vocesabia"
"1024","1719",175,13322,416,"vocesabia"
"1025","1720",176,19686,353,"vocesabia"
"1026","1721",177,8608,510,"vocesabia"
"1027","1722",178,9472,601,"vocesabia"
"1028","1723",179,10984,699,"vocesabia"
"1029","1724",180,16025,695,"vocesabia"
"1030","1725",181,15730,763,"vocesabia"
"1031","1726",182,16032,586,"vocesabia"
"1032","1727",183,13348,551,"vocesabia"
"1033","1728",184,16732,1097,"vocesabia"
"1034","1729",185,15499,738,"vocesabia"
"1035","1730",186,23143,821,"vocesabia"
"1036","1731",187,19416,665,"vocesabia"
"1037","1732",188,19530,756,"vocesabia"
"1038","1733",189,19311,700,"vocesabia"
"1039","1734",190,19250,718,"vocesabia"
"1040","1735",191,16769,688,"vocesabia"
"1041","1736",192,13884,677,"vocesabia"
"1042","1737",193,24968,795,"vocesabia"
"1043","1738",194,21640,671,"vocesabia"
"1044","1739",195,16185,613,"vocesabia"
"1045","1740",196,14261,611,"vocesabia"
"1046","1741",197,12917,670,"vocesabia"
"1047","1742",198,11763,554,"vocesabia"
"1048","1743",199,11434,451,"vocesabia"
"1049","1744",200,20519,664,"vocesabia"
"1050","1745",201,17247,750,"vocesabia"
"1051","1746",202,23494,919,"vocesabia"
"1052","1747",203,17989,698,"vocesabia"
"1053","1748",204,16954,595,"vocesabia"
"1054","1749",205,16890,718,"vocesabia"
"1055","1750",206,16053,802,"vocesabia"
"1056","1751",207,25464,1221,"vocesabia"
"1057","1752",208,20769,1038,"vocesabia"
"1058","1753",209,22079,1040,"vocesabia"
"1059","1754",210,33665,2225,"vocesabia"
"1060","1755",211,32866,1705,"vocesabia"
"1061","1756",212,25680,1339,"vocesabia"
"1062","1757",213,21332,1201,"vocesabia"
"1063","1758",214,52064,3016,"vocesabia"
"1064","1759",215,35085,2350,"vocesabia"
"1065","1760",216,32783,1395,"vocesabia"
"1066","1761",217,41689,2087,"vocesabia"
"1067","1762",218,58441,2743,"vocesabia"
"1068","1763",219,37008,2107,"vocesabia"
"1069","1764",220,27596,1443,"vocesabia"
"1070","1765",221,52934,2294,"vocesabia"
"1071","1766",222,44864,1685,"vocesabia"
"1072","1767",223,31300,1244,"vocesabia"
"1073","1768",224,46984,1857,"vocesabia"
"1074","1769",225,54118,2891,"vocesabia"
"1075","1770",226,52387,1968,"vocesabia"
"1076","1771",227,41768,1591,"vocesabia"
"1077","1772",228,64715,2087,"vocesabia"
"1078","1773",229,51959,2051,"vocesabia"
"1079","1774",230,45801,1808,"vocesabia"
"1080","1775",231,59052,2466,"vocesabia"
"1081","1776",232,53484,2101,"vocesabia"
"1082","1777",233,35663,1583,"vocesabia"
"1083","1778",234,34646,1422,"vocesabia"
"1084","1779",235,61074,1902,"vocesabia"
"1085","1780",236,43362,1594,"vocesabia"
"1086","1781",237,36311,1503,"vocesabia"
"1087","1782",238,46010,1439,"vocesabia"
"1088","1783",239,41547,1309,"vocesabia"
"1089","1784",240,31648,1180,"vocesabia"
"1090","1785",241,24314,1085,"vocesabia"
"1091","1786",242,36191,1049,"vocesabia"
"1092","1787",243,30962,1063,"vocesabia"
"1093","1788",244,30080,1048,"vocesabia"
"1094","1789",245,39473,1107,"vocesabia"
"1095","1790",246,40940,1350,"vocesabia"
"1096","1791",247,29328,987,"vocesabia"
"1097","1792",248,25111,1000,"vocesabia"
"1098","1793",249,46886,1037,"vocesabia"
"1099","1794",250,42093,1254,"vocesabia"
"1100","1795",251,30530,1200,"vocesabia"
"1101","1796",252,51750,1465,"vocesabia"
"1102","1797",253,42638,1620,"vocesabia"
"1103","1798",254,32281,1489,"vocesabia"
"1104","1799",255,22894,885,"vocesabia"
"1105","1800",256,51981,1116,"vocesabia"
"1106","1801",257,36137,1091,"vocesabia"
"1107","1802",258,38295,1192,"vocesabia"
"1108","1803",259,50486,1074,"vocesabia"
"1109","1804",260,38910,996,"vocesabia"
"1110","1805",261,29608,1006,"vocesabia"
"1111","1806",262,28362,1117,"vocesabia"
"1112","1807",263,51773,1472,"vocesabia"
"1113","1808",264,42217,1213,"vocesabia"
"1114","1809",265,36215,1252,"vocesabia"
"1115","1810",266,57681,1513,"vocesabia"
"1116","1811",267,53021,1529,"vocesabia"
"1117","1812",268,46433,1828,"vocesabia"
"1118","1813",269,43990,1711,"vocesabia"
"1119","1814",270,63688,1293,"vocesabia"
"1120","1815",271,50514,1515,"vocesabia"
"1121","1816",272,45842,1318,"vocesabia"
"1122","1817",273,71879,1443,"vocesabia"
"1123","1818",274,60590,1738,"vocesabia"
"1124","1819",275,89748,2241,"vocesabia"
"1125","1820",276,78114,2002,"vocesabia"
"1126","1821",277,98484,2023,"vocesabia"
"1127","1822",278,62940,1836,"vocesabia"
"1128","1823",279,53224,1438,"vocesabia"
"1129","1824",280,79179,1703,"vocesabia"
"1130","1825",281,89860,2394,"vocesabia"
"1131","1826",282,98025,2436,"vocesabia"
"1132","1827",283,76508,2125,"vocesabia"
"1133","1828",284,102516,1978,"vocesabia"
"1134","1829",285,70149,1750,"vocesabia"
"1135","1830",286,48367,1453,"vocesabia"
"1136","1831",287,82128,1691,"vocesabia"
"1137","1832",288,80056,2146,"vocesabia"
"1138","1833",289,121063,2314,"vocesabia"
"1139","1834",290,97681,3077,"vocesabia"
"1140","1835",291,130876,3092,"vocesabia"
"1141","1836",292,89773,2696,"vocesabia"
"1142","1837",293,77586,2642,"vocesabia"
"1143","1838",294,103987,2682,"vocesabia"
"1144","1839",295,101940,2901,"vocesabia"
"1145","1840",296,150472,2938,"vocesabia"
"1146","1841",297,97252,2861,"vocesabia"
"1147","1842",298,125385,3025,"vocesabia"
"1148","1843",299,86060,2488,"vocesabia"
"1149","1844",300,74881,2308,"vocesabia"
"1150","1845",301,101757,2286,"vocesabia"
"1151","1846",302,89184,2632,"vocesabia"
"1152","1847",303,125550,2592,"vocesabia"
"1153","1848",304,93404,2458,"vocesabia"
"1154","1849",305,111805,1879,"vocesabia"
"1155","1850",306,76184,1886,"vocesabia"
"1156","1851",307,68165,1803,"vocesabia"
"1157","1852",308,63980,1852,"vocesabia"
"1158","1853",309,103963,2348,"vocesabia"
"1159","1854",310,100581,2219,"vocesabia"
"1160","1855",311,111773,2136,"vocesabia"
"1161","1856",312,134058,2109,"vocesabia"
"1162","1857",313,84782,1781,"vocesabia"
"1163","1858",314,89125,1313,"vocesabia"
"1164","1859",315,90016,1707,"vocesabia"
"1165","1860",316,96113,1711,"vocesabia"
"1166","1861",317,134432,2086,"vocesabia"
"1167","1862",318,80878,1878,"vocesabia"
"1168","1863",319,117815,1907,"vocesabia"
"1169","1864",320,91184,1885,"vocesabia"
"1170","1865",321,77238,1955,"vocesabia"
"1171","1866",322,119044,1900,"vocesabia"
"1172","1867",323,86646,1649,"vocesabia"
"1173","1868",324,136075,1710,"vocesabia"
"1174","1869",325,79408,1768,"vocesabia"
"1175","1870",326,130043,1751,"vocesabia"
"1176","1871",327,97922,1986,"vocesabia"
"1177","1872",328,98096,1917,"vocesabia"
"1178","1873",329,114048,1783,"vocesabia"
"1179","1874",330,98024,1649,"vocesabia"
"1180","1875",331,135210,1784,"vocesabia"
"1181","1876",332,86617,1824,"vocesabia"
"1182","1877",333,140519,1605,"vocesabia"
"1183","1878",334,86269,1714,"vocesabia"
"1184","1879",335,83640,1713,"vocesabia"
"1185","1880",336,121264,1762,"vocesabia"
"1186","1881",337,100785,1692,"vocesabia"
"1187","1882",338,135189,1703,"vocesabia"
"1188","1883",339,204526,2072,"vocesabia"
"1189","1884",340,154828,1674,"vocesabia"
"1190","1885",341,124522,1714,"vocesabia"
"1191","1886",342,120377,1761,"vocesabia"
"1192","1887",343,143376,1731,"vocesabia"
"1193","1888",344,99978,1989,"vocesabia"
"1194","1889",345,158253,2071,"vocesabia"
"1195","1890",346,90906,1527,"vocesabia"
"1196","1891",347,163145,1774,"vocesabia"
"1197","1892",348,95460,1588,"vocesabia"
"1198","1893",349,104797,1600,"vocesabia"
"1199","1894",350,149965,1777,"vocesabia"
"1200","1895",351,107994,1615,"vocesabia"
"1201","1896",352,81220,1517,"vocesabia"
"1202","1897",353,141863,1595,"vocesabia"
"1203","1898",354,140416,1473,"vocesabia"
"1204","1899",355,83747,1179,"vocesabia"
"1205","1900",356,77485,1217,"vocesabia"
"1206","1901",357,127871,1537,"vocesabia"
"1207","1902",358,102296,1735,"vocesabia"
"1208","1903",359,145846,1384,"vocesabia"
"1209","1904",360,82343,1262,"vocesabia"
"1210","1905",361,145604,1600,"vocesabia"
"1211","1906",362,100297,1600,"vocesabia"
"1212","1907",363,84919,1511,"vocesabia"
"1213","1908",364,113645,1444,"vocesabia"
"1214","1909",365,99210,1603,"vocesabia"
"1215","1910",366,166006,1701,"vocesabia"
"1216","1911",367,94549,1504,"vocesabia"
"1217","1912",368,123690,2329,"vocesabia"
"1218","1913",369,105797,2110,"vocesabia"
"1219","1914",370,93635,1983,"vocesabia"
"1220","1915",371,119368,1915,"vocesabia"
"1221","1916",372,116430,1716,"vocesabia"
"1222","1917",373,146270,1637,"vocesabia"
"1223","1918",374,95676,1590,"vocesabia"
"1224","1919",375,159964,1806,"vocesabia"
"1225","1920",376,120835,1964,"vocesabia"
"1226","1921",377,114933,1626,"vocesabia"
"1227","1922",378,128162,1951,"vocesabia"
"1228","1923",379,123912,1783,"vocesabia"
"1229","1924",380,176624,2036,"vocesabia"
"1230","1925",381,126256,2128,"vocesabia"
"1231","1926",382,181412,1935,"vocesabia"
"1232","1927",383,115505,1978,"vocesabia"
"1233","1928",384,107630,1903,"vocesabia"
"1234","1929",385,150614,1915,"vocesabia"
"1235","1930",386,119647,1879,"vocesabia"
"1236","1931",387,165775,1896,"vocesabia"
"1237","1932",388,107688,1753,"vocesabia"
"1238","1933",389,175904,1661,"vocesabia"
"1239","1934",390,116512,1831,"vocesabia"
"1240","1935",391,107922,1760,"vocesabia"
"1241","1936",392,100743,1817,"vocesabia"
"1242","1937",393,107450,2150,"vocesabia"
"1243","1938",394,132626,2767,"vocesabia"
"1244","1939",395,127149,2648,"vocesabia"
"1245","1940",396,122832,6346,"vocesabia"
"1246","1941",397,107537,3366,"vocesabia"
"1247","1942",398,114215,2272,"vocesabia"
"1248","1943",399,103938,2209,"vocesabia"
"1249","1944",400,85449,1916,"vocesabia"
"1250","1945",401,134558,1949,"vocesabia"
"1251","1946",402,80129,1505,"vocesabia"
"1252","1947",403,140628,1459,"vocesabia"
"1253","1948",404,135668,2080,"vocesabia"
"1254","1949",405,107308,2035,"vocesabia"
"1255","1950",406,162599,2123,"vocesabia"
"1256","1951",407,125752,2208,"vocesabia"
"1257","1952",408,196773,2006,"vocesabia"
"1258","1953",409,116632,2624,"vocesabia"
"1259","1954",410,150663,2078,"vocesabia"
"1260","1955",411,114012,2306,"vocesabia"
"1261","1956",412,106057,2148,"vocesabia"
"1262","1957",413,169413,2260,"vocesabia"
"1263","1958",414,125238,2127,"vocesabia"
"1264","1959",415,190372,2277,"vocesabia"
"1265","1960",416,105781,1834,"vocesabia"
"1266","1961",417,237450,3258,"vocesabia"
"1267","1962",418,155849,3292,"vocesabia"
"1268","1963",419,153511,3025,"vocesabia"
"1269","1964",420,203020,2841,"vocesabia"
"1270","1965",421,196261,3337,"vocesabia"
"1271","1966",422,273400,4168,"vocesabia"
"1272","1967",423,150784,3046,"vocesabia"
"1273","1968",424,227718,2616,"vocesabia"
"1274","1969",425,148662,2584,"vocesabia"
"1275","1970",426,127580,2251,"vocesabia"
"1276","1971",427,190247,2677,"vocesabia"
"1277","1972",428,186506,2784,"vocesabia"
"1278","1973",429,303798,2996,"vocesabia"
"1279","1974",430,192450,3078,"vocesabia"
"1280","1975",431,311101,3404,"vocesabia"
"1281","1976",432,211517,3408,"vocesabia"
"1282","1977",433,189059,3159,"vocesabia"
"1283","1978",434,278753,3532,"vocesabia"
"1284","1979",435,253917,3423,"vocesabia"
"1285","1980",436,315758,3221,"vocesabia"
"1286","1981",437,202619,3471,"vocesabia"
"1287","1982",438,308242,3740,"vocesabia"
"1288","1983",439,197505,3231,"vocesabia"
"1289","1984",440,184046,3606,"vocesabia"
"1290","1985",441,256069,3533,"vocesabia"
"1291","1986",442,247675,3176,"vocesabia"
"1292","1987",443,338512,3651,"vocesabia"
"1293","1988",444,255807,4088,"vocesabia"
"1294","1989",445,356046,4325,"vocesabia"
"1295","1990",446,263478,3758,"vocesabia"
"1296","1991",447,224100,3217,"vocesabia"
"1297","1992",448,289989,3480,"vocesabia"
"1298","1993",449,248401,4107,"vocesabia"
"1299","1994",450,381062,3887,"vocesabia"
"1300","1995",451,242923,3749,"vocesabia"
"1301","1996",452,332619,4070,"vocesabia"
"1302","1997",453,342042,4348,"vocesabia"
"1303","1998",454,217926,3414,"vocesabia"
"1304","1999",455,201457,3329,"vocesabia"
"1305","2000",456,332080,4247,"vocesabia"
"1306","2001",457,426395,4472,"vocesabia"
"1307","2002",458,281874,4396,"vocesabia"
"1308","2003",459,385540,4297,"vocesabia"
"1309","2004",460,265829,4022,"vocesabia"
"1310","2005",461,203154,3659,"vocesabia"
"1311","2006",462,351468,4702,"vocesabia"
"1312","2007",463,348613,5384,"vocesabia"
"1313","2008",464,428580,5779,"vocesabia"
"1314","2009",465,319550,4476,"vocesabia"
"1315","2010",466,301480,4558,"vocesabia"
"1316","2011",467,280456,4840,"vocesabia"
"1317","2012",468,233090,4637,"vocesabia"
"1318","2013",469,389048,5687,"vocesabia"
"1319","2014",470,442603,6773,"vocesabia"
"1320","2015",471,445721,5154,"vocesabia"
"1321","2016",472,256927,3813,"vocesabia"
"1322","2017",473,264852,4330,"vocesabia"
"1323","2018",474,291897,4958,"vocesabia"
"1324","2019",475,364363,4745,"vocesabia"
"1325","2020",476,445955,5329,"vocesabia"
"1326","2021",477,429865,5637,"vocesabia"
"1327","2022",478,434149,5141,"vocesabia"
"1328","2023",479,523106,6399,"vocesabia"
"1329","2024",480,440222,5500,"vocesabia"
"1330","2025",481,413317,4925,"vocesabia"
"1331","2026",482,294765,5042,"vocesabia"
"1332","2027",483,399708,4939,"vocesabia"
"1333","2028",484,477008,6068,"vocesabia"
"1334","2029",485,491435,5565,"vocesabia"
"1335","2030",486,761284,3159,"vocesabia"
"1336","2031",487,446395,4668,"vocesabia"
"1337","2032",488,380469,4960,"vocesabia"
"1338","2033",489,295078,4860,"vocesabia"
"1339","2034",490,387555,5339,"vocesabia"
"1340","2035",491,411717,5731,"vocesabia"
"1341","2036",492,445914,5398,"vocesabia"
"1342","2037",493,388857,5564,"vocesabia"
"1343","2038",494,482483,5734,"vocesabia"
"1344","2039",495,459024,6585,"vocesabia"
"1345","2040",496,334931,5607,"vocesabia"
"1346","2041",497,455920,5562,"vocesabia"
"1347","2042",498,552993,7057,"vocesabia"
"1348","2043",499,523564,5841,"vocesabia"
"1349","2044",500,433513,5495,"vocesabia"
"1350","2045",501,532416,5568,"vocesabia"
"1351","2046",502,569811,5831,"vocesabia"
"1352","2047",503,439641,6574,"vocesabia"
"1353","2048",504,507478,6336,"vocesabia"
"1354","2049",505,595520,8786,"vocesabia"
"1355","2050",506,529981,6742,"vocesabia"
"1356","2051",507,472721,6672,"vocesabia"
"1357","2052",508,576393,7277,"vocesabia"
"1358","2053",509,524712,6748,"vocesabia"
"1359","2054",510,420195,7050,"vocesabia"
"1360","2055",511,498789,6344,"vocesabia"
"1361","2056",512,576395,7901,"vocesabia"
"1362","2057",513,484170,6047,"vocesabia"
"1363","2058",514,403866,5545,"vocesabia"
"1364","2059",515,562189,6766,"vocesabia"
"1365","2060",516,509936,6616,"vocesabia"
"1366","2061",517,431159,7262,"vocesabia"
"1367","2062",518,510385,8028,"vocesabia"
"1368","2063",519,530276,9185,"vocesabia"
"1369","2064",520,627116,8113,"vocesabia"
"1370","2065",521,934121,14005,"vocesabia"
"1371","2066",522,587740,9621,"vocesabia"
"1372","2067",523,604620,6806,"vocesabia"
"1373","2068",524,459414,6242,"vocesabia"
"1374","2069",525,527667,5405,"vocesabia"
"1375","2070",526,503751,5321,"vocesabia"
"1376","2071",527,505278,4660,"vocesabia"
"1377","2072",528,471733,5609,"vocesabia"
"1378","2073",529,400679,5463,"vocesabia"
"1379","2074",530,398070,5138,"vocesabia"
"1380","2075",531,456226,11209,"vocesabia"
"1381","2076",532,464104,11763,"vocesabia"
"1382","2077",533,339037,6907,"vocesabia"
"1383","2078",534,505443,5817,"vocesabia"
"1384","2079",535,532476,6905,"vocesabia"
"1385","2080",536,519213,5635,"vocesabia"
"1386","2081",537,522253,5973,"vocesabia"
"1387","2082",538,437802,5970,"vocesabia"
"1388","2083",539,760060,5781,"vocesabia"
"1389","2084",540,600889,5695,"vocesabia"
"1390","2085",541,518933,5178,"vocesabia"
"1391","2086",542,534083,5377,"vocesabia"
"1392","2087",543,496700,4969,"vocesabia"
"1393","2088",544,564888,5016,"vocesabia"
"1394","2089",545,457812,5419,"vocesabia"
"1395","2090",546,535212,5630,"vocesabia"
"1396","2091",547,497900,5247,"vocesabia"
"1397","2092",548,340148,4854,"vocesabia"
"1398","2093",549,311222,4712,"vocesabia"
"1399","2094",550,296963,4272,"vocesabia"
"1400","2095",551,287889,4045,"vocesabia"
"1401","2096",552,320255,5552,"vocesabia"
"1402","2097",553,693892,6450,"vocesabia"
"1403","2098",554,591141,6469,"vocesabia"
"1404","2099",555,559807,5465,"vocesabia"
"1405","2100",556,458875,4849,"vocesabia"
"1406","2101",557,352262,4557,"vocesabia"
"1407","2102",558,529201,5245,"vocesabia"
"1408","2103",559,733357,6192,"vocesabia"
"1409","2104",560,611429,7005,"vocesabia"
"1410","2105",561,463748,6926,"vocesabia"
"1411","2106",562,546724,5200,"vocesabia"
"1412","2107",563,507757,5560,"vocesabia"
"1413","2108",564,431494,5701,"vocesabia"
"1414","2109",565,575751,5676,"vocesabia"
"1415","2110",566,504704,5606,"vocesabia"
"1416","2111",567,601987,5454,"vocesabia"
"1417","2112",568,535233,5668,"vocesabia"
"1418","2113",569,527581,5326,"vocesabia"
"1419","2114",570,477328,5673,"vocesabia"
"1420","2115",571,582507,7133,"vocesabia"
"1421","2116",572,562214,6160,"vocesabia"
"1422","2117",573,450458,5739,"vocesabia"
"1423","2118",574,635629,8829,"vocesabia"
"1424","2119",575,486445,9061,"vocesabia"
"1425","2120",576,569579,7330,"vocesabia"
"1426","2121",577,520821,7143,"vocesabia"
"1427","2122",578,396648,6061,"vocesabia"
"1428","2123",579,546381,5781,"vocesabia"
"1429","2124",580,501132,6204,"vocesabia"
"1430","2125",581,427644,5974,"vocesabia"
"1431","2126",582,431489,6086,"vocesabia"
"1432","2127",583,409822,6345,"vocesabia"
"1433","2128",584,352198,5827,"vocesabia"
"1434","2129",585,535621,5979,"vocesabia"
"1435","2130",586,526050,6085,"vocesabia"
"1436","2131",587,420702,5838,"vocesabia"
"1437","2132",588,393184,5717,"vocesabia"
"1438","2133",589,330365,4928,"vocesabia"
"1439","2134",590,321911,5094,"vocesabia"
"1440","2135",591,294847,4330,"vocesabia"
"1441","2136",592,533788,4591,"vocesabia"
"1442","2137",593,525512,5278,"vocesabia"
"1443","2138",594,356338,4268,"vocesabia"
"1444","2139",595,341812,4463,"vocesabia"
"1445","2140",596,313611,4483,"vocesabia"
"1446","2141",597,311903,5016,"vocesabia"
"1447","2142",598,294057,5127,"vocesabia"
"1448","2143",599,522255,5016,"vocesabia"
"1449","2144",600,686336,5580,"vocesabia"
"1450","2145",601,746562,6269,"vocesabia"
"1451","2146",602,916706,5745,"vocesabia"
"1452","2147",603,681160,6072,"vocesabia"
"1453","2148",604,605734,4925,"vocesabia"
"1454","2149",605,475528,5295,"vocesabia"
"1455","2150",606,628247,5611,"vocesabia"
"1456","2151",607,561964,5503,"vocesabia"
